<?xml version="1.0" encoding="UTF-8"?>
<project-private xmlns="http://www.netbeans.org/ns/project-private/1">
    <editor-bookmarks xmlns="http://www.netbeans.org/ns/editor-bookmarks/2" lastBookmarkId="0"/>
    <open-files xmlns="http://www.netbeans.org/ns/projectui-open-files/2">
        <group>
            <file>file:/home/dieoviedo/NetBeansProjects/mgestorventas/src/java/mgestorv/entity/Cliente.java</file>
            <file>file:/home/dieoviedo/NetBeansProjects/mgestorventas/src/java/mgestorv/entity/Empleado.java</file>
            <file>file:/home/dieoviedo/NetBeansProjects/mgestorventas/src/java/ui/bean/AgregarVentasController.java</file>
            <file>file:/home/dieoviedo/NetBeansProjects/mgestorventas/web/WEB-INF/include/entity/agregarventas/AgregarVentas.xhtml</file>
            <file>file:/home/dieoviedo/NetBeansProjects/mgestorventas/src/java/mgestorv/entity/DetalleVenta.java</file>
            <file>file:/home/dieoviedo/NetBeansProjects/mgestorventas/src/java/mgestorv/facade/DetalleVentaFacade.java</file>
            <file>file:/home/dieoviedo/NetBeansProjects/mgestorventas/src/conf/persistence.xml</file>
        </group>
    </open-files>
</project-private>
